{"cameraMode":{"drawMode":0,"name":"Shaded","section":"Shading Mode"},"sceneLighting":false,"audioPlay":false,"sceneViewState":{"m_AlwaysRefresh":false,"showFog":true,"showSkybox":false,"showFlares":true,"showImageEffects":true,"showParticleSystems":true,"showVisualEffectGraphs":true,"m_FxEnabled":true},"in2DMode":false,"pivot":{"x":0.24593618512153626,"y":-0.05655209720134735,"z":-0.3423859775066376},"rotation":{"x":0.5853652358055115,"y":0.03105218894779682,"z":-0.02251093089580536,"w":0.8099572658538818},"size":0.8035125732421875,"orthographic":true}