{"cameraMode":{"drawMode":0,"name":"Shaded","section":"Shading Mode"},"sceneLighting":false,"audioPlay":false,"sceneViewState":{"m_AlwaysRefresh":false,"showFog":true,"showSkybox":false,"showFlares":true,"showImageEffects":true,"showParticleSystems":true,"showVisualEffectGraphs":true,"m_FxEnabled":true},"in2DMode":false,"pivot":{"x":0.3521943688392639,"y":0.6634553670883179,"z":0.2934916913509369},"rotation":{"x":-0.002044334542006254,"y":-0.9445260763168335,"z":0.3286074995994568,"w":-0.006006306037306786},"size":0.8035125732421875,"orthographic":false}