{"cameraMode":{"drawMode":0,"name":"Shaded","section":"Shading Mode"},"sceneLighting":false,"audioPlay":false,"sceneViewState":{"m_AlwaysRefresh":false,"showFog":false,"showSkybox":false,"showFlares":false,"showImageEffects":false,"showParticleSystems":false,"showVisualEffectGraphs":true,"m_FxEnabled":true},"in2DMode":false,"pivot":{"x":-0.7504428625106812,"y":0.5519627928733826,"z":-2.3215115070343019},"rotation":{"x":-0.004056078847497702,"y":-0.9866066575050354,"z":0.16124361753463746,"w":-0.024874599650502206},"size":1.5197559595108033,"orthographic":false}